id,priority,title,detail
G01,P1,Consistent global configuration and scripting options,"**Missing/partial; specified.** Root options do not provide global `--config`, `--json`, `--non-interactive`, or policy selection. Equivalent controls are scattered among commands."
G02,P1,Stable machine-output API,"**Partial.** Successful commands often support JSON; failures, envelope/schema, exit details, and event output are inconsistent. F06/F07/F10 demonstrate the consequences."
G03,P1,Regression policies for CI,"**Partial.** Absolute release gates and compatible run deltas exist. `compare` exits for compatibility/coverage, not a configured degradation in score, latency, or cost. Add predeclared regression tolerances and fail rules."
G04,P1,Complete case-result export,"**Partial.** Report JSON contains summaries and non-passing evidence. There is no general headless export of every passing/failing case and repetition to JSONL/CSV, with explicit content controls."
G05,P1,CI report adapters,"**Missing.** Benchmark-result JUnit/SARIF-style exports are absent. The repository's pytest JUnit files are test evidence, not a user feature."
G06,P1,"Named baselines, tags, and searchable run history","**Partial.** Run IDs, status filters, and a limit exist. Baseline aliases, run tags/notes, metadata search, pagination, and promotion of an approved baseline are missing."
G07,P1,Convenient bounded run controls,"**Partial.** Plans support selection, repeats, concurrency, retries, timeouts, budgets, caches, and quotas. `run` largely requires editing a plan file. Add validated direct overrides and a dry-run that prints the exact frozen scope."
G08,P1,Reproducibility controls and provenance,"**Partial.** Selection/bootstrap seeds and frozen configuration exist. The run CLI does not expose the engine's `run_seed`; local source/dependency/commit provenance is incomplete, as F04 shows."
G09,P1,Release gates in conversation drafts,**Missing; documented limitation.** Gates can be authored in executable plans but not declared through session draft choices/patches.
G10,P2,Retry only failed application work,**Implemented.** `runs retry` creates a bounded child from safe final application failures or explicit parent-scoped cases on finished runs; it rechecks current/frozen policy and dataset/test-world identity, and records parent lineage.
G11,P2,Headless run supervision,**Deferred/partial.** Status exists; live pause/stop controls belong to the owning terminal/session. Detached execution and durable external pause/resume/cancel requests are absent.
G12,P2,Configuration management,"**Partial.** Config files, setup, and doctor exist. There is no `config show/validate/set` workflow showing effective values and source precedence with secrets redacted, or named provider profiles."
G13,P2,Structured progress and durable logs,"**Partial.** Terminal progress and persisted run events exist. Scripts lack a consistent JSONL event stream, log-file selection, verbosity/quiet controls, and documented noninteractive logging contract."
G14,P2,Warmup and measurement phases,**Missing; performance extension.** No bounded warmup count or exclusion phase before latency sampling. Warmup effects and spend need to be accounted explicitly.
G15,P2,Richer performance statistics,"**Partial.** Successful final-attempt p50/p95 and failure counts exist. User-facing throughput, p99, dispersion, retry-inclusive elapsed latency, and cold/warm separation are absent."
G16,P2,Streaming model performance,"**Missing; performance extension.** Application benchmarking records JSON responses, not streaming token events. TTFT, inter-token latency, output tokens/sec, and streaming completion integrity are unavailable. Assistant reply streaming is already implemented and is a separate capability."
G17,P2,Segment/slice analysis,"**Partial.** Case predicates and independent grouping for comparisons exist. Reports lack general summaries by metadata segment, customer, language, difficulty, or model configuration."
G18,P2,Dataset utilities and versioned suites,"**Partial.** Validation, candidate review/promotion, episodes, and content hashes exist. General schema-aware CSV/JSON/Parquet import, diff/dedup/split tools, and a named suite catalog are missing."
G19,P2,Workspace maintenance and portability,"**Partial.** Migrations and an artifact GC library exist. CLI backup/restore, portable run/session bundles, workspace integrity/repair, retention/storage usage, and safe GC commands are missing. Absolute recorded paths complicate migration."
G20,P2,Judge repeat/calibration workflow,"**Partial.** Statistical primitives, native calibration, and comparisons exist. A practical command that repeats/calibrates the configured model judges against reviewed labels is incomplete; F12 affects a helper branch."
G21,P2,Platform and release confidence,"**Partial.** Windows/Linux CI is configured; macOS CI is absent, current cross-platform results were not observed, and published support/readiness documents still center on older candidates."
G22,P3,"Advanced scale, load, and modality workflows","**Deferred.** Distributed workers, a scalable work queue, open-loop/ramping load profiles, multimodal evaluators, and a dashboard are product extensions. Ordinary concurrency and RPS quotas already exist."
